title,year,length,budget,rating,votes
Metropolis,1927,117,NA,8.4,11988
M,1931,99,NA,8.5,12053
King Kong,1933,100,670000,7.9,10301
Duck Soup,1933,68,NA,8.3,9870
Modern Times,1936,87,1500000,8.5,10326
Snow White and the Seven Dwarfs,1937,83,1488000,7.8,14341
Bringing Up Baby,1938,102,NA,8.2,9250
"Wizard of Oz, The",1939,112,2777000,8.3,38386
Gone with the Wind,1939,233,3900000,8.1,28836
Mr. Smith Goes to Washington,1939,129,1500000,8.4,11565
Fantasia,1940,80,2280000,7.8,14925
Rebecca,1940,130,1288000,8.3,11403
"Philadelphia Story, The",1940,112,NA,8.2,10536
"Great Dictator, The",1940,124,2000000,8.4,10465
Citizen Kane,1941,119,686033,8.7,61083
"Maltese Falcon, The",1941,101,300000,8.4,19444
Casablanca,1942,102,950000,8.8,66030
Bambi,1942,70,NA,7.5,9197
Double Indemnity,1944,110,927262,8.5,11592
It's a Wonderful Life,1946,118,3180000,8.6,41199
Notorious,1946,101,2000000,8.3,10637
"Big Sleep, The",1946,116,NA,8.3,9980
"Treasure of the Sierra Madre, The",1948,126,3800000,8.4,10470
"Third Man, The",1949,93,NA,8.5,18394
Sunset Blvd.,1950,115,1752000,8.6,16149
All About Eve,1950,138,NA,8.5,13038
"African Queen, The",1951,105,NA,8.1,13765
Strangers on a Train,1951,103,1200000,8.3,10624
"Day the Earth Stood Still, The",1951,85,960000,8.1,10148
"Streetcar Named Desire, A",1951,125,1800000,8.1,9623
Singin' in the Rain,1952,103,2540800,8.5,20585
High Noon,1952,85,750000,8.3,12465
Roman Holiday,1953,117,1500000,8.1,9431
Rear Window,1954,112,2000000,8.7,41035
Shichinin no samurai,1954,206,500000,8.9,32141
On the Waterfront,1954,108,910000,8.4,12803
Rebel Without a Cause,1955,111,1500000,7.8,11055
"Searchers, The",1956,119,3750000,8.2,10211
"Ten Commandments, The",1956,220,13500000,7.7,8895
12 Angry Men,1957,96,340000,8.7,29278
"Bridge on the River Kwai, The",1957,161,3000000,8.4,22408
Paths of Glory,1957,87,935000,8.6,14391
"Sjunde inseglet, Det",1957,92,150000,8.4,9622
Vertigo,1958,129,2479000,8.5,33875
Touch of Evil,1958,106,829000,8.4,11745
North by Northwest,1959,136,4000000,8.6,35648
Some Like It Hot,1959,120,2883848,8.4,25369
Ben-Hur,1959,214,15000000,8.1,21031
Psycho,1960,108,806947,8.6,53962
Spartacus,1960,198,12000000,8,17084
"Apartment, The",1960,125,3000000,8.4,11214
"Magnificent Seven, The",1960,128,NA,7.8,10058
West Side Story,1961,151,6000000,7.8,12931
Breakfast at Tiffany's,1961,115,2500000,7.7,12246
Yojimbo,1961,75,NA,8.4,8968
Lawrence of Arabia,1962,227,15000000,8.6,31230
To Kill a Mockingbird,1962,129,2000000,8.5,30139
"Manchurian Candidate, The",1962,126,NA,8.4,14232
Dr. No,1962,110,1100000,7.2,11864
Lolita,1962,152,2000000,7.6,9150
"Great Escape, The",1963,172,4000000,8.3,20075
"Birds, The",1963,119,2500000,7.8,20072
From Russia with Love,1963,115,2000000,7.3,10291
Charade,1963,113,4000000,8.1,9046
Dr. Strangelove or: How I Learned to Stop Worrying and Love the Bomb,1964,93,1800000,8.7,63471
Goldfinger,1964,112,3000000,7.8,19754
Mary Poppins,1964,140,NA,7.6,13909
My Fair Lady,1964,170,17000000,7.8,12721
Per un pugno di dollari,1964,99,200000,7.8,8998
"Sound of Music, The",1965,174,8200000,7.8,20641
Doctor Zhivago,1965,200,11000000,7.9,10283
"Buono, il brutto, il cattivo, Il",1966,180,1200000,8.8,30224
"Graduate, The",1967,105,3000000,8.2,27555
Cool Hand Luke,1967,126,NA,8.2,14167
Bonnie and Clyde,1967,111,2500000,7.9,12653
"Jungle Book, The",1967,78,NA,7.5,9027
2001: A Space Odyssey,1968,156,10500000,8.3,64982
Planet of the Apes,1968,107,5800000,7.9,20516
C'era una volta il West,1968,158,5000000,8.7,17241
Rosemary's Baby,1968,136,3200000,7.9,12033
Night of the Living Dead,1968,90,114000,7.6,11590
Butch Cassidy and the Sundance Kid,1969,110,NA,8.2,20168
Midnight Cowboy,1969,113,3600000,7.9,13091
"Wild Bunch, The",1969,179,6000000,8.2,10550
Easy Rider,1969,94,340000,7.2,10230
MASH,1970,112,3500000,7.8,14829
Patton,1970,172,12000000,8.2,14351
"Clockwork Orange, A",1971,137,2200000,8.3,65283
Willy Wonka & the Chocolate Factory,1971,100,3000000,7.6,16487
"French Connection, The",1971,104,1800000,7.8,11783
Dirty Harry,1971,99,NA,7.6,11108
Harold and Maude,1971,91,1200000,7.9,9173
Diamonds Are Forever,1971,120,7200000,6.6,8738
"Godfather, The",1972,175,6000000,9.1,122755
Deliverance,1972,109,2000000,7.8,14417
"Exorcist, The",1973,132,1000000,7.9,34162
"Sting, The",1973,129,5500000,8.4,23678
American Graffiti,1973,110,777000,7.6,12758
Papillon,1973,150,12000000,7.8,9553
"Godfather: Part II, The",1974,200,13000000,8.9,71363
Chinatown,1974,131,6000000,8.4,25695
Young Frankenstein,1974,106,2800000,8,22281
Blazing Saddles,1974,93,2600000,7.7,17166
"Conversation, The",1974,113,1600000,8.1,10260
"Texas Chain Saw Massacre, The",1974,75,140000,7,10224
One Flew Over the Cuckoo's Nest,1975,133,4400000,8.7,70234
Monty Python and the Holy Grail,1975,91,250000,8.4,60565
Jaws,1975,130,12000000,8.2,46978
"Rocky Horror Picture Show, The",1975,98,1200000,6.8,16737
Dog Day Afternoon,1975,124,NA,8,14962
Barry Lyndon,1975,184,11000000,8,12285
Taxi Driver,1976,110,1300000,8.5,47873
Rocky,1976,119,1100000,7.8,22893
All the President's Men,1976,138,8500000,8,12724
Carrie,1976,98,1800000,7.2,11778
Network,1976,121,3800000,8,9501
Star Wars,1977,125,11000000,8.8,134640
Close Encounters of the Third Kind,1977,137,20000000,7.7,26304
Annie Hall,1977,93,4000000,8.3,21462
"Deer Hunter, The",1978,183,15000000,8.1,28210
Grease,1978,110,6000000,6.8,22214
Halloween,1978,101,325000,7.7,19248
Animal House,1978,109,3000000,7.5,17609
Superman,1978,151,55000000,7.1,17327
Dawn of the Dead,1978,139,1500000,7.7,12621
Apocalypse Now,1979,202,31500000,8.5,64785
Alien,1979,116,11000000,8.3,63400
Life of Brian,1979,94,4000000,8.1,33325
Manhattan,1979,96,NA,8.2,12391
Mad Max,1979,93,350000,6.8,11542
Star Trek: The Motion Picture,1979,143,35000000,5.8,10752
Being There,1979,130,NA,8,10521
Rocky II,1979,119,NA,6.3,9412
Moonraker,1979,126,34000000,5.9,9318
Star Wars: Episode V - The Empire Strikes Back,1980,129,18000000,8.8,103706
"Shining, The",1980,146,19000000,8.3,50908
"Blues Brothers, The",1980,148,27000000,7.7,28964
Raging Bull,1980,129,18000000,8.4,26739
Airplane!,1980,88,3500000,7.8,23369
"Elephant Man, The",1980,124,5000000,8.2,16422
Caddyshack,1980,98,6000000,7.1,13453
Superman II,1980,127,54000000,6.5,10085
Raiders of the Lost Ark,1981,115,20000000,8.7,93511
"Boot, Das",1981,216,14000000,8.5,28920
"Evil Dead, The",1981,86,350000,7.4,14407
Mad Max 2,1981,94,NA,7.4,12091
Excalibur,1981,119,NA,7.4,11867
Escape from New York,1981,99,6000000,6.8,9924
Time Bandits,1981,110,5000000,6.9,9434
Blade Runner,1982,117,28000000,8.2,74749
E.T. the Extra-Terrestrial,1982,120,10500000,7.8,44175
"Thing, The",1982,109,10000000,7.8,17071
Star Trek: The Wrath of Khan,1982,116,11000000,7.6,16333
Gandhi,1982,188,22000000,8,15879
Tootsie,1982,119,NA,7.5,13802
Conan the Barbarian,1982,129,20000000,6.5,13624
First Blood,1982,97,14000000,6.8,11956
Poltergeist,1982,114,10700000,7.3,11575
Fast Times at Ridgemont High,1982,90,4500000,7.1,10361
Rocky III,1982,99,NA,5.7,9809
Pink Floyd The Wall,1982,95,NA,7.5,9567
Tron,1982,96,17000000,6.4,9084
48 Hrs.,1982,96,NA,6.8,8742
Star Wars: Episode VI - Return of the Jedi,1983,135,32500000,8.1,82471
Scarface,1983,170,25000000,7.9,28300
"Christmas Story, A",1983,93,NA,8.1,19737
"Right Stuff, The",1983,193,27000000,7.9,12907
"Meaning of Life, The",1983,112,9000000,7.3,12351
WarGames,1983,114,12000000,6.9,11474
Trading Places,1983,118,NA,7.3,11293
Risky Business,1983,98,6200000,6.7,8622
Vacation,1983,98,NA,7.1,8559
"Terminator, The",1984,108,6400000,7.9,59772
Amadeus,1984,180,18000000,8.3,36955
Indiana Jones and the Temple of Doom,1984,118,28000000,7.2,34880
Ghost Busters,1984,107,30000000,7.5,29762
This Is Spinal Tap,1984,82,NA,8,20576
Once Upon a Time in America,1984,227,30000000,8.2,19292
Dune,1984,190,45000000,6.3,16903
Beverly Hills Cop,1984,105,15000000,7.1,16360
Gremlins,1984,106,11000000,6.8,15044
"Nightmare On Elm Street, A",1984,91,1800000,7.1,12590
"Karate Kid, The",1984,126,NA,6.6,10783
Romancing the Stone,1984,105,NA,6.8,9986
Star Trek III: The Search for Spock,1984,105,17000000,6.2,9808
Blood Simple.,1984,97,NA,7.7,9684
"Killing Fields, The",1984,141,NA,7.9,9575
Splash,1984,111,8000000,6.3,9428
Sixteen Candles,1984,93,6500000,6.9,8690
Back to the Future,1985,111,19000000,8.1,68647
Brazil,1985,94,15000000,8,30735
"Breakfast Club, The",1985,97,NA,7.6,24223
"Goonies, The",1985,114,19000000,7.2,18895
Witness,1985,112,12000000,7.6,14479
Ran,1985,160,11500000,8.4,11981
Rocky IV,1985,91,31000000,5.3,11503
Commando,1985,75,NA,5.7,10797
"Color Purple, The",1985,154,15000000,7.6,10599
Rambo: First Blood Part II,1985,94,44000000,5.1,9479
Clue,1985,97,15000000,6.7,8767
Aliens,1986,154,18500000,8.3,63961
Platoon,1986,120,6000000,8.1,35210
Top Gun,1986,110,15000000,6.5,32410
Ferris Bueller's Day Off,1986,102,NA,7.7,32130
Stand by Me,1986,89,8000000,8,30805
Blue Velvet,1986,120,6000000,7.7,18756
Highlander,1986,116,16000000,7.1,18146
Labyrinth,1986,101,25000000,7,12661
Crocodile Dundee,1986,98,NA,6.4,12034
"Name der Rose, Der",1986,130,20000000,7.7,11654
Star Trek IV: The Voyage Home,1986,136,25000000,7.1,11647
Big Trouble in Little China,1986,99,25000000,6.7,10803
"Fly, The",1986,92,15000000,7,9914
"Color of Money, The",1986,119,10000000,6.8,9095
Little Shop of Horrors,1986,94,30000000,6.4,8911
"Princess Bride, The",1987,98,16000000,8.2,53946
Full Metal Jacket,1987,116,30000000,8.2,47757
"Untouchables, The",1987,119,25000000,7.9,31587
Predator,1987,107,18000000,7.4,25254
Spaceballs,1987,96,22700000,6.7,20054
Lethal Weapon,1987,117,15000000,7.5,20041
Raising Arizona,1987,94,6000000,7.6,19991
RoboCop,1987,103,13000000,7.1,15974
Evil Dead II,1987,85,3500000,7.6,15743
Dirty Dancing,1987,100,6000000,5.9,14407
"Good Morning, Vietnam",1987,119,13000000,7.1,13823
"Running Man, The",1987,101,27000000,6.2,11847
"Planes, Trains & Automobiles",1987,93,NA,7.3,11626
"Lost Boys, The",1987,97,NA,6.7,11294
Wall Street,1987,125,15000000,7.2,11269
Beverly Hills Cop II,1987,100,20000000,5.8,10446
Empire of the Sun,1987,154,38000000,7.5,9963
"Last Emperor, The",1987,219,25000000,7.7,9507
"Witches of Eastwick, The",1987,118,NA,6.3,8896
Fatal Attraction,1987,123,14000000,6.7,8541
Die Hard,1988,131,28000000,8,58870
Rain Man,1988,133,25000000,7.9,42562
"Fish Called Wanda, A",1988,108,7500000,7.7,25035
Who Framed Roger Rabbit,1988,99,70000000,7.4,21433
Beetle Juice,1988,92,15000000,7.1,20966
Big,1988,104,18000000,7.2,18660
Akira,1988,124,NA,7.7,14840
Twins,1988,105,15000000,5.9,13213
Coming to America,1988,116,28000000,6.6,13103
"Naked Gun: From the Files of Police Squad!, The",1988,85,NA,7.4,13010
Dangerous Liaisons,1988,119,14000000,7.6,12559
Willow,1988,126,35000000,6.8,10529
Cocktail,1988,104,NA,5.2,9713
Midnight Run,1988,126,30000000,7.5,9196
Working Girl,1988,115,NA,6.6,8934
Indiana Jones and the Last Crusade,1989,127,48000000,8.1,61583
Dead Poets Society,1989,128,16400000,7.7,43294
Batman,1989,126,35000000,7.4,35927
Back to the Future Part II,1989,108,40000000,7,28547
When Harry Met Sally...,1989,96,16000000,7.7,24492
"Abyss, The",1989,171,69500000,7.4,21987
Glory,1989,122,18000000,8.1,21861
Field of Dreams,1989,107,NA,7.7,21270
Lethal Weapon 2,1989,118,NA,6.9,14997
Ghostbusters II,1989,103,NA,5.7,14552
Nuovo cinema Paradiso,1989,170,NA,8.4,13999
"Little Mermaid, The",1989,83,NA,7.3,12681
Bill & Ted's Excellent Adventure,1989,90,10000000,6.6,12277
Born on the Fourth of July,1989,145,14000000,7,11480
Heathers,1989,102,NA,7.4,11110
Look Who's Talking,1989,93,7500000,5.5,10847
Say Anything...,1989,100,NA,7.6,10822
Christmas Vacation,1989,97,NA,6.9,9977
Do the Right Thing,1989,120,6500000,7.7,9324
Die xue shuang xiong,1989,104,NA,8,9323
Star Trek V: The Final Frontier,1989,107,27800000,4.8,9215
"Honey, I Shrunk the Kids",1989,101,NA,5.9,9038
Driving Miss Daisy,1989,99,7500000,7.4,8656
Goodfellas,1990,145,25000000,8.6,68219
Dances with Wolves,1990,236,19000000,7.8,28561
Edward Scissorhands,1990,105,20000000,7.7,27017
"Hunt for Red October, The",1990,134,30000000,7.6,26666
Total Recall,1990,113,65000000,7.2,26486
Back to the Future Part III,1990,118,40000000,6.7,24682
Pretty Woman,1990,125,14000000,6.6,23316
Die Hard 2,1990,124,70000000,6.7,22987
"Godfather: Part III, The",1990,169,54000000,7.3,22385
Home Alone,1990,103,15000000,6.4,21670
Ghost,1990,128,22000000,6.8,19005
Miller's Crossing,1990,115,14000000,8,14575
Kindergarten Cop,1990,111,NA,5.8,13476
Misery,1990,107,20000000,7.5,13120
Awakenings,1990,121,NA,7.4,11835
Nikita,1990,112,NA,7.6,10867
Dick Tracy,1990,105,47000000,5.7,9939
Predator 2,1990,108,NA,5.5,9858
Flatliners,1990,110,NA,6.3,9830
Days of Thunder,1990,107,60000000,5.4,9660
Tremors,1990,96,10000000,6.9,9657
Wild at Heart,1990,124,9500000,7,9549
Jacob's Ladder,1990,115,25000000,7.3,8901
Arachnophobia,1990,103,31000000,6.1,8608
"Silence of the Lambs, The",1991,118,19000000,8.5,92060
Terminator 2: Judgment Day,1991,154,100000000,8.2,77614
JFK,1991,206,40000000,7.8,26456
Beauty and the Beast,1991,90,NA,7.8,25672
Robin Hood: Prince of Thieves,1991,155,50000000,6.5,20286
Hook,1991,144,70000000,5.8,19368
Thelma & Louise,1991,129,16500000,7.3,18075
Cape Fear,1991,128,35000000,7.1,15585
Backdraft,1991,132,NA,6.6,12637
"Fisher King, The",1991,137,24000000,7.4,11952
"Addams Family, The",1991,99,38000000,6.4,11549
Delicatessen,1991,95,NA,7.8,11486
Point Break,1991,120,24000000,6.5,11180
Fried Green Tomatoes,1991,130,NA,7.4,10777
Hot Shots!,1991,84,NA,6.2,10637
Star Trek VI: The Undiscovered Country,1991,113,30000000,6.9,10367
"Doors, The",1991,140,38000000,6.7,10363
Boyz n the Hood,1991,107,6000000,7.7,10319
Barton Fink,1991,116,9000000,7.5,10223
"Last Boy Scout, The",1991,96,NA,6.4,10044
"Naked Gun 2 1/2: The Smell of Fear, The",1991,85,NA,6.3,9833
City Slickers,1991,112,NA,6.7,9286
Highlander II: The Quickening,1991,92,30000000,3.4,9264
Hudson Hawk,1991,103,65000000,5.1,8904
What About Bob?,1991,99,NA,6.6,8831
Father of the Bride,1991,105,NA,6.4,8636
Reservoir Dogs,1992,99,1200000,8.3,69240
Unforgiven,1992,131,NA,8.1,30868
"Few Good Men, A",1992,138,33000000,7.5,25237
Batman Returns,1992,126,80000000,6.5,23010
Aladdin,1992,90,28000000,7.6,22499
Dracula,1992,128,40000000,7.1,19972
Basic Instinct,1992,128,49000000,6.7,19520
Wayne's World,1992,95,NA,6.8,16677
Scent of a Woman,1992,157,NA,7.4,16312
"Last of the Mohicans, The",1992,117,40000000,7.5,15293
"League of Their Own, A",1992,128,40000000,6.9,14318
Lethal Weapon 3,1992,121,NA,6.3,13780
"Player, The",1992,124,NA,7.7,13647
Home Alone 2: Lost in New York,1992,120,NA,5,12899
Patriot Games,1992,117,45000000,6.8,12751
Sneakers,1992,126,NA,7,11994
Braindead,1992,97,3000000,7.5,11552
Glengarry Glen Ross,1992,100,NA,7.8,11485
"Bodyguard, The",1992,130,NA,5.3,11415
My Cousin Vinny,1992,120,11000000,7.2,10877
Sister Act,1992,100,NA,5.9,10051
Death Becomes Her,1992,99,55000000,5.6,9887
"Crying Game, The",1992,112,NA,7.3,9524
Under Siege,1992,98,12000000,6.1,9413
Far and Away,1992,140,30000000,6.2,8556
Schindler's List,1993,195,25000000,8.8,97667
Jurassic Park,1993,127,63000000,7.4,57473
"Fugitive, The",1993,130,44000000,7.7,48292
Groundhog Day,1993,101,NA,8,44819
True Romance,1993,121,12500000,7.7,25896
Army of Darkness,1993,96,11000000,7.4,22118
Mrs. Doubtfire,1993,125,NA,6.4,19744
"Nightmare Before Christmas, The",1993,76,18000000,7.8,19646
Sleepless in Seattle,1993,105,21000000,6.7,19224
Philadelphia,1993,125,26000000,7.5,17861
Tombstone,1993,130,NA,7.4,16618
What's Eating Gilbert Grape,1993,118,11000000,7.6,16345
Last Action Hero,1993,130,60000000,5.4,15266
Demolition Man,1993,115,NA,6.1,15100
Wallace & Gromit: The Wrong Trousers,1993,30,NA,8.4,14976
"Firm, The",1993,154,42000000,6.6,14708
Falling Down,1993,113,NA,7.3,14536
Dazed and Confused,1993,103,NA,7.3,13926
Carlito's Way,1993,145,NA,7.6,13080
In the Line of Fire,1993,138,40000000,7.3,12923
Much Ado About Nothing,1993,111,8000000,7.5,12491
Cliffhanger,1993,112,65000000,6,12434
"Piano, The",1993,121,7000000,7.4,12394
In the Name of the Father,1993,133,NA,7.8,10611
Robin Hood: Men in Tights,1993,104,NA,5.7,10426
Dave,1993,110,NA,7,10421
"Remains of the Day, The",1993,134,15000000,7.8,10310
"Pelican Brief, The",1993,141,NA,6.3,10119
Wayne's World 2,1993,95,NA,5.6,9584
Trois couleurs: Bleu,1993,100,NA,7.8,9517
"Bronx Tale, A",1993,121,22000000,7.5,9175
"Shawshank Redemption, The",1994,142,25000000,9.1,149494
Pulp Fiction,1994,168,8000000,8.8,132745
Forrest Gump,1994,142,55000000,8.2,89722
Clerks.,1994,92,230000,7.9,39927
Speed,1994,116,28000000,7.1,32979
"Lion King, The",1994,89,79300000,7.8,32924
True Lies,1994,141,100000000,7,31011
Dumb & Dumber,1994,101,16000000,6.6,27713
Interview with the Vampire: The Vampire Chronicles,1994,123,50000000,7.2,26698
Natural Born Killers,1994,122,50000000,6.6,25596
Ed Wood,1994,127,18000000,8,22612
"Mask, The",1994,97,18000000,6.4,21533
Ace Ventura: Pet Detective,1994,86,12000000,6.2,20705
"Crow, The",1994,98,15000000,7.2,20290
Four Weddings and a Funeral,1994,117,6000000,7.2,17820
Stargate,1994,130,55000000,6.4,17520
Maverick,1994,127,NA,6.7,13659
Legends of the Fall,1994,133,30000000,6.7,13327
Clear and Present Danger,1994,141,65000000,6.8,13025
"Hudsucker Proxy, The",1994,111,25000000,7.4,12903
Star Trek: Generations,1994,118,35000000,6.2,12651
Heavenly Creatures,1994,108,5000000,7.7,11453
Quiz Show,1994,133,NA,7.5,11316
Trois couleurs: Rouge,1994,99,NA,8.1,10385
Shallow Grave,1994,93,2500000,7.4,9401
Naked Gun 33 1/3: The Final Insult,1994,83,30000000,5.8,8918
"Flintstones, The",1994,91,45000000,4.5,8704
"Usual Suspects, The",1995,106,6000000,8.7,103854
Braveheart,1995,177,53000000,8.3,92437
Se7en,1995,127,30000000,8.4,88371
Twelve Monkeys,1995,129,29000000,7.9,62301
Toy Story,1995,81,30000000,7.9,46019
Heat,1995,188,60000000,7.9,44588
Apollo 13,1995,140,62000000,7.5,41098
Casino,1995,176,52000000,7.8,27234
Die Hard: With a Vengeance,1995,131,90000000,7,25258
Batman Forever,1995,122,100000000,5.4,24025
GoldenEye,1995,130,80000000,6.8,22991
Mallrats,1995,94,6100000,7.1,22837
Waterworld,1995,176,175000000,5.4,19325
Leaving Las Vegas,1995,111,4000000,7.5,18027
Desperado,1995,106,7000000,6.8,17929
Babe,1995,89,30000000,7.4,16988
Clueless,1995,97,20000000,6.7,16521
Dead Man Walking,1995,122,11000000,7.6,16177
Bad Boys,1995,118,23000000,6.4,15326
Ace Ventura: When Nature Calls,1995,90,30000000,4.9,15161
Jumanji,1995,104,65000000,6,14874
Get Shorty,1995,105,30250000,7,14825
Crimson Tide,1995,116,53000000,7.1,14033
Sense and Sensibility,1995,136,16500000,7.7,13904
Outbreak,1995,127,50000000,6.4,13796
While You Were Sleeping,1995,103,17000000,6.5,13035
"Net, The",1995,114,22000000,5.6,12201
Strange Days,1995,145,42000000,6.9,11869
"American President, The",1995,114,62000000,6.9,11834
Billy Madison,1995,89,NA,6.1,11626
Showgirls,1995,131,45000000,3.8,11483
Four Rooms,1995,98,4000000,6,10675
Hackers,1995,107,NA,5.8,10520
Dead Man,1995,120,9000000,7.6,10097
Judge Dredd,1995,96,90000000,4.6,9979
Before Sunrise,1995,105,2500000,7.8,9618
Mr. Holland's Opus,1995,143,NA,7.1,9273
Wallace & Gromit: A Close Shave,1995,30,NA,8.2,9261
Kids,1995,91,1500000,6.6,9099
Empire Records,1995,107,NA,6.2,8990
Species,1995,108,35000000,5.4,8963
Tommy Boy,1995,97,NA,6.5,8875
"Quick and the Dead, The",1995,107,32000000,6.1,8837
Casper,1995,100,55000000,5.6,8798
Mortal Kombat,1995,101,20000000,5,8779
First Knight,1995,134,75000000,5.6,8708
Fargo,1996,98,7000000,8.2,65597
Independence Day,1996,153,75000000,6.1,61831
Trainspotting,1996,94,3500000,8,51887
"Rock, The",1996,136,75000000,7,46184
Scream,1996,111,15000000,7,43652
Jerry Maguire,1996,139,50000000,7.3,34623
Mission: Impossible,1996,110,75000000,6.6,33496
From Dusk Till Dawn,1996,108,20000000,6.8,28473
Twister,1996,113,92000000,5.9,28315
Mars Attacks!,1996,106,70000000,6.1,27363
"English Patient, The",1996,160,27000000,7.1,25210
Star Trek: First Contact,1996,106,45000000,7.3,25046
Romeo + Juliet,1996,120,14500000,6.7,22306
Sling Blade,1996,135,NA,8,20361
Sleepers,1996,147,44000000,7,17896
Happy Gilmore,1996,92,10000000,6.8,17746
Ransom,1996,139,80000000,6.6,17678
"Cable Guy, The",1996,96,47000000,5.5,16266
Swingers,1996,96,200000,7.6,15827
"Time to Kill, A",1996,149,40000000,6.9,15577
Eraser,1996,115,100000000,5.8,14641
Broken Arrow,1996,108,65000000,5.7,14415
"Long Kiss Goodnight, The",1996,120,65000000,6.5,12516
Primal Fear,1996,129,30000000,7.5,12467
"Birdcage, The",1996,117,NA,6.5,12429
Shine,1996,105,5500000,7.6,12425
"People vs. Larry Flynt, The",1996,129,NA,7.2,12347
"Nutty Professor, The",1996,95,54000000,5.8,12273
Phenomenon,1996,123,32000000,6.3,12075
Bound,1996,109,4500000,7.5,11911
That Thing You Do!,1996,108,2500000,6.6,11701
Kingpin,1996,117,25000000,6.6,10643
Breaking the Waves,1996,158,NA,7.7,10494
Hamlet,1996,242,18000000,7.7,10065
Beavis and Butt-Head Do America,1996,81,12000000,6.2,9491
"Craft, The",1996,101,15000000,5.9,9187
Courage Under Fire,1996,117,46000000,6.7,8884
Titanic,1997,194,200000000,6.9,90195
L.A. Confidential,1997,138,35000000,8.4,69600
Good Will Hunting,1997,126,10000000,7.8,60858
"Fifth Element, The",1997,126,90000000,7.1,55398
Men in Black,1997,98,90000000,6.8,53231
As Good as It Gets,1997,139,50000000,7.7,47441
Face/Off,1997,133,80000000,7.1,37506
Contact,1997,153,90000000,7.3,36390
Austin Powers: International Man of Mystery,1997,94,17000000,7,33755
Starship Troopers,1997,129,95000000,6.7,32618
Chasing Amy,1997,111,250000,7.6,32141
Jackie Brown,1997,154,12000000,7.5,28891
Batman & Robin,1997,125,110000000,3.6,28457
"Game, The",1997,128,50000000,7.6,28099
"Lost World: Jurassic Park, The",1997,129,73000000,5.5,28055
Boogie Nights,1997,156,15000000,7.6,27380
"Devil's Advocate, The",1997,144,57000000,7,26904
Con Air,1997,115,75000000,6.3,26642
Air Force One,1997,124,85000000,6.3,26156
Gattaca,1997,101,36000000,7.6,26071
Alien: Resurrection,1997,116,70000000,6,24358
Liar Liar,1997,86,45000000,6.5,22969
"Full Monty, The",1997,91,3500000,7.2,22115
Scream 2,1997,120,24000000,5.9,21533
Grosse Pointe Blank,1997,107,15000000,7.4,20400
Donnie Brasco,1997,127,35000000,7.6,20029
Tomorrow Never Dies,1997,119,110000000,6.4,19397
Mononoke-hime,1997,134,NA,8.3,19350
My Best Friend's Wedding,1997,105,46000000,6.4,16648
Wag the Dog,1997,97,15000000,7,16434
Cube,1997,90,NA,7.4,16205
Lost Highway,1997,135,15000000,7.3,15936
I Know What You Did Last Summer,1997,99,17000000,5.3,15932
Event Horizon,1997,96,70000000,5.7,15510
Conspiracy Theory,1997,135,75000000,6.4,15470
Speed 2: Cruise Control,1997,121,110000000,3.3,13268
"Ice Storm, The",1997,112,18000000,7.5,13115
"Jackal, The",1997,124,60000000,5.7,12753
Cop Land,1997,116,15000000,6.7,12677
"Saint, The",1997,116,70000000,5.7,12591
Amistad,1997,152,40000000,7,10543
Anaconda,1997,89,45000000,4.1,10510
In & Out,1997,92,35000000,6.2,10352
U Turn,1997,125,19000000,6.5,10306
"Sweet Hereafter, The",1997,112,NA,7.9,9433
Seven Years in Tibet,1997,139,70000000,6.6,9426
Private Parts,1997,109,20000000,6.6,9289
Dante's Peak,1997,104,104000000,5.6,9203
G.I. Jane,1997,124,50000000,5.5,9116
Kiss the Girls,1997,111,27000000,6.4,9041
Bean,1997,90,22000000,5.4,9018
"Peacemaker, The",1997,124,50000000,5.9,8994
"Postman, The",1997,177,80000000,5.2,8773
Volcano,1997,104,90000000,5.2,8627
"Rainmaker, The",1997,135,40000000,6.8,8620
Saving Private Ryan,1998,170,70000000,8.3,100267
"Truman Show, The",1998,103,60000000,7.7,62434
American History X,1998,119,10000000,8.4,59677
"Big Lebowski, The",1998,117,15000000,8,50179
There's Something About Mary,1998,134,23000000,7.2,46343
Armageddon,1998,153,140000000,5.7,45330
Shakespeare in Love,1998,122,25000000,7.5,41999
"Lock, Stock and Two Smoking Barrels",1998,126,NA,7.9,34293
Lola rennt,1998,80,NA,8.2,32791
"Thin Red Line, The",1998,170,52000000,7.2,25637
Blade,1998,110,45000000,6.8,24372
Dark City,1998,100,27000000,7.6,23508
Enemy of the State,1998,131,90000000,7.1,23263
"Bug's Life, A",1998,96,45000000,7.4,23184
Godzilla,1998,133,125000000,4.4,22695
Deep Impact,1998,120,75000000,5.9,22684
Pleasantville,1998,124,40000000,7.5,22561
Rushmore,1998,93,10000000,7.7,22209
Ronin,1998,121,55000000,7,21982
Fear and Loathing in Las Vegas,1998,118,18500000,7.2,21484
You've Got Mail,1998,119,65000000,6.2,20053
"Wedding Singer, The",1998,95,NA,6.8,19487
Pi,1998,84,60000,7.5,19431
"Negotiator, The",1998,139,50000000,7.2,19100
Out of Sight,1998,123,48000000,7.3,18776
Rush Hour,1998,93,35000000,6.7,18336
"X Files, The",1998,121,66000000,6.7,18314
"Mask of Zorro, The",1998,136,65000000,6.8,18220
Lethal Weapon 4,1998,127,140000000,6.3,17758
Wild Things,1998,115,20000000,6.6,17672
Meet Joe Black,1998,178,90000000,6.6,16796
Antz,1998,83,60000000,7,16312
"Waterboy, The",1998,90,23000000,5.5,15539
"Simple Plan, A",1998,121,17000000,7.6,15398
City of Angels,1998,114,55000000,6.2,15333
Lost in Space,1998,130,80000000,4.7,15209
Elizabeth,1998,124,25000000,7.6,14733
Rounders,1998,121,12000000,7.2,13621
Star Trek: Insurrection,1998,103,58000000,6.3,13395
"Faculty, The",1998,104,15000000,6.1,13143
Sphere,1998,134,80000000,5.3,12990
Patch Adams,1998,115,50000000,6.1,12110
Snake Eyes,1998,98,73000000,5.7,12091
Festen,1998,105,1300000,8.2,11983
Sliding Doors,1998,99,NA,6.9,11954
Happiness,1998,134,3000000,7.7,11737
What Dreams May Come,1998,113,85000000,6.3,11706
"Avengers, The",1998,89,60000000,3.4,11499
Mulan,1998,88,70000000,7.2,11192
"Man in the Iron Mask, The",1998,132,35000000,6,11127
Six Days Seven Nights,1998,101,70000000,5.6,11112
U.S. Marshals,1998,131,60000000,6.1,10315
Ever After,1998,121,26000000,7,10250
Very Bad Things,1998,100,10000000,5.8,10001
"Perfect Murder, A",1998,108,NA,6.4,9728
"Siege, The",1998,116,70000000,5.9,9725
I Still Know What You Did Last Summer,1998,100,24000000,4,9524
Fallen,1998,123,NA,6.7,9367
"Prince of Egypt, The",1998,99,60000000,6.9,9212
Gods and Monsters,1998,105,3500000,7.6,9020
Central do Brasil,1998,108,2900000,7.9,8980
"Matrix, The",1999,136,63000000,8.5,143853
Fight Club,1999,139,63000000,8.5,112092
American Beauty,1999,121,15000000,8.5,109991
"Sixth Sense, The",1999,107,55000000,8.2,96987
Star Wars: Episode I - The Phantom Menace,1999,133,115000000,6.4,84488
"Green Mile, The",1999,188,60000000,8.1,60142
Being John Malkovich,1999,113,13000000,7.9,55079
Magnolia,1999,188,37000000,8,45992
Dogma,1999,130,10000000,7.3,43391
American Pie,1999,95,11000000,6.8,41126
Toy Story 2,1999,92,90000000,8.1,40941
"Blair Witch Project, The",1999,86,35000,6.1,39814
Sleepy Hollow,1999,105,65000000,7.4,38857
Eyes Wide Shut,1999,159,65000000,7,37868
Austin Powers: The Spy Who Shagged Me,1999,95,33000000,6.5,37019
"Mummy, The",1999,124,76000000,6.5,36216
South Park: Bigger Longer & Uncut,1999,81,21000000,7.6,33188
Three Kings,1999,114,48000000,7.3,31503
"Insider, The",1999,157,68000000,8,28780
Notting Hill,1999,124,42000000,7,27285
Office Space,1999,89,10000000,7.7,26134
"Talented Mr. Ripley, The",1999,139,40000000,7,25974
Cruel Intentions,1999,97,11000000,6.5,25634
Analyze This,1999,109,30000000,6.6,24521
"World Is Not Enough, The",1999,128,135000000,6.3,24205
Galaxy Quest,1999,102,45000000,7.2,22341
Go,1999,103,6500000,7.4,20663
Man on the Moon,1999,118,52000000,7.3,19826
Any Given Sunday,1999,156,62000000,6.4,19531
10 Things I Hate About You,1999,97,16000000,6.7,19095
Wild Wild West,1999,107,170000000,4,19078
"Cider House Rules, The",1999,126,24000000,7.5,18950
Entrapment,1999,113,66000000,6.1,18543
8MM,1999,123,40000000,5.9,18541
Big Daddy,1999,93,34200000,5.9,18258
Payback,1999,100,50000000,6.8,18252
End of Days,1999,121,83000000,5.3,18237
"Boondock Saints, The",1999,110,NA,7.7,17935
"Bone Collector, The",1999,118,48000000,6.2,17766
Deep Blue Sea,1999,105,78000000,5.5,17666
"Virgin Suicides, The",1999,90,6000000,7.2,17524
Election,1999,103,8500000,7.4,17521
"Thomas Crown Affair, The",1999,113,48000000,6.7,17220
Arlington Road,1999,117,21500000,7.1,17189
"Girl, Interrupted",1999,127,24000000,7,16362
"Ninth Gate, The",1999,133,38000000,6.4,16291
"Iron Giant, The",1999,86,48000000,7.9,15151
Bowfinger,1999,97,55000000,6.4,15000
eXistenZ,1999,97,NA,6.7,14742
"Straight Story, The",1999,112,10000000,8.1,14679
Boys Don't Cry,1999,118,2000000,7.6,14456
"Haunting, The",1999,112,80000000,4.6,14425
"13th Warrior, The",1999,102,85000000,6.1,14344
Stigmata,1999,103,32000000,6,14062
Bringing Out the Dead,1999,121,32000000,6.7,13989
Double Jeopardy,1999,105,40000000,5.9,13587
Ghost Dog: The Way of the Samurai,1999,116,NA,7.5,13542
Todo sobre mi madre,1999,101,NA,7.9,13497
Mystery Men,1999,121,68000000,5.8,13331
She's All That,1999,95,10000000,5.5,13070
October Sky,1999,108,NA,7.7,12847
Runaway Bride,1999,116,70000000,5.4,12624
"Hurricane, The",1999,145,38000000,7.3,12445
Stir of Echoes,1999,99,13000000,7,11433
"General's Daughter, The",1999,116,60000000,6.1,11128
Never Been Kissed,1999,107,NA,5.7,10767
Tarzan,1999,88,150000000,7.1,10672
"Messenger: The Story of Joan of Arc, The",1999,148,NA,6.2,10476
Edtv,1999,122,60000000,6.2,10085
Deuce Bigalow: Male Gigolo,1999,88,18000000,5.6,9897
House on Haunted Hill,1999,99,19000000,5.1,9694
Blast from the Past,1999,112,35000000,6.4,9483
Bicentennial Man,1999,132,100000000,6.2,8925
Gladiator,2000,155,103000000,8,92495
Memento,2000,113,5000000,8.7,90317
Wo hu cang long,2000,120,15000000,8.2,52198
Requiem for a Dream,2000,102,4500000,8.4,47845
X-Men,2000,104,75000000,7.3,45332
Snatch.,2000,102,10000000,7.9,44785
Traffic,2000,147,48000000,7.8,41268
Almost Famous,2000,162,60000000,8,38648
"O Brother, Where Art Thou?",2000,106,26000000,7.8,37961
Mission: Impossible II,2000,123,125000000,5.7,35958
Unbreakable,2000,106,75000000,7.1,35842
Cast Away,2000,143,90000000,7.3,34580
Meet the Parents,2000,108,55000000,7,30804
High Fidelity,2000,113,20000000,7.6,29704
"Patriot, The",2000,164,110000000,6.8,29665
Charlie's Angels,2000,94,92000000,5.8,25705
Gone in Sixty Seconds,2000,117,90000000,5.7,25400
Chicken Run,2000,84,42000000,7.4,25099
"Perfect Storm, The",2000,130,120000000,6.2,24946
Erin Brockovich,2000,130,51000000,7.3,24301
Scary Movie,2000,88,19000000,5.5,23293
American Psycho,2000,102,8000000,6.8,21639
"Me, Myself & Irene",2000,116,51000000,6,21305
What Lies Beneath,2000,130,90000000,6.6,20584
What Women Want,2000,127,65000000,6.4,20138
Chocolat,2000,121,NA,7.3,20031
Pitch Black,2000,112,23000000,6.7,18522
Ghost World,2000,111,7000000,7.8,17976
"Whole Nine Yards, The",2000,98,24000000,6.6,17678
Billy Elliot,2000,110,5000000,7.7,16725
Final Destination,2000,98,23000000,6.6,16504
Miss Congeniality,2000,109,45000000,6.2,16235
Hollow Man,2000,112,95000000,5.3,16168
"Cell, The",2000,109,33000000,6.1,16118
Road Trip,2000,94,15600000,6.3,15981
U-571,2000,116,62000000,6.5,15792
Dancer in the Dark,2000,140,NA,7.8,15686
Wonder Boys,2000,111,35000000,7.6,15668
Scream 3,2000,116,40000000,5.4,15403
Frequency,2000,118,31000000,7.4,15317
Amores perros,2000,153,2000000,8.2,15079
"Beach, The",2000,119,50000000,5.8,15020
Mission to Mars,2000,113,90000000,4.9,15018
Battlefield Earth: A Saga of the Year 3000,2000,119,73000000,2.4,14970
Remember the Titans,2000,113,30000000,7.4,14195
Shaft,2000,99,46000000,6,13742
Pay It Forward,2000,123,40000000,6.7,13531
Finding Forrester,2000,136,43000000,7.3,13439
"Dude, Where's My Car?",2000,83,13000000,4.6,13330
Coyote Ugly,2000,100,45000000,5.4,13221
How the Grinch Stole Christmas,2000,104,123000000,5.7,12680
"Gift, The",2000,111,10000000,6.8,12440
Shanghai Noon,2000,110,55000000,6.7,12258
Batoru rowaiaru,2000,122,4500000,7.9,12138
"6th Day, The",2000,123,82000000,5.9,12064
Space Cowboys,2000,130,65000000,6.4,11887
Best in Show,2000,90,6000000,7.5,11790
Bring It On,2000,98,10000000,6.1,11784
Bedazzled,2000,93,48000000,5.9,11439
Keeping the Faith,2000,128,30000000,6.8,11351
"Family Man, The",2000,125,60000000,6.5,11220
Thirteen Days,2000,145,80000000,7.4,10926
Nurse Betty,2000,110,24000000,6.6,10441
Vertical Limit,2000,124,75000000,5.6,10273
Romeo Must Die,2000,115,25000000,5.8,10229
Men of Honor,2000,129,32000000,6.6,9684
Proof of Life,2000,135,65000000,6.3,9592
Little Nicky,2000,90,80000000,4.9,9485
Titan A.E.,2000,94,75000000,6.4,9373
Quills,2000,124,NA,7.3,9155
Red Planet,2000,106,75000000,5.3,8623
Boiler Room,2000,118,9000000,6.8,8586
"Lord of the Rings: The Fellowship of the Ring, The",2001,208,93000000,8.8,157608
Shrek,2001,90,60000000,8,65146
Donnie Darko,2001,133,4500000,8.3,51961
Moulin Rouge!,2001,127,52500000,7.7,47689
Harry Potter and the Sorcerer's Stone,2001,152,130000000,7.2,46741
Ocean's Eleven,2001,116,85000000,7.5,44662
"Beautiful Mind, A",2001,135,60000000,7.8,43291
"Monsters, Inc.",2001,92,115000000,8,38712
"Others, The",2001,104,17000000,7.8,36914
Artificial Intelligence: AI,2001,146,90000000,6.8,36623
Mulholland Dr.,2001,147,15000000,7.9,35504
Pearl Harbor,2001,184,135250000,5.4,33409
Black Hawk Down,2001,142,90000000,7.6,32530
Vanilla Sky,2001,136,68000000,6.9,31250
"Royal Tenenbaums, The",2001,111,21000000,7.6,31227
Hannibal,2001,133,87000000,6.2,28876
Planet of the Apes,2001,119,100000000,5.6,28601
Bridget Jones's Diary,2001,97,26000000,7,24791
Sen to Chihiro no kamikakushi,2001,125,NA,8.6,24253
Jay and Silent Bob Strike Back,2001,104,22000000,6.9,24211
"Mummy Returns, The",2001,130,98000000,6.1,23551
Training Day,2001,120,45000000,7.3,22776
American Pie 2,2001,105,30000000,6.3,22752
Lara Croft: Tomb Raider,2001,100,80000000,5.2,21861
"Fast and the Furious, The",2001,106,38000000,5.7,21428
Jurassic Park III,2001,92,93000000,5.6,20690
Swordfish,2001,99,80000000,6.2,20455
Enemy at the Gates,2001,131,70000000,7.3,19169
Blow,2001,124,30000000,7.1,18670
Zoolander,2001,89,28000000,6.1,18277
Legally Blonde,2001,96,18000000,6.4,17572
From Hell,2001,122,35000000,6.8,17292
K-PAX,2001,120,48000000,7.2,17235
"Man Who Wasn't There, The",2001,118,20000000,7.7,17028
Gosford Park,2001,137,15000000,7.3,16831
Spy Game,2001,126,92000000,7,16736
Rush Hour 2,2001,86,90000000,6.5,16581
Final Fantasy: The Spirits Within,2001,106,137000000,6.5,16451
"Score, The",2001,124,68000000,6.8,16106
Monster's Ball,2001,112,4000000,7.3,15037
"Knight's Tale, A",2001,132,41000000,6.5,15006
Evolution,2001,101,80000000,5.8,14232
"Mexican, The",2001,123,38000000,6,13935
Rat Race,2001,112,48000000,6.5,13913
Shallow Hal,2001,113,40000000,6.1,13217
"Pacte des loups, Le",2001,152,NA,7,12958
Bandits,2001,123,80000000,6.7,12382
Scary Movie 2,2001,83,45000000,4.2,12035
America's Sweethearts,2001,102,48000000,5.8,11849
Jeepers Creepers,2001,90,10000000,5.4,10973
15 Minutes,2001,120,42000000,6.1,10866
Behind Enemy Lines,2001,106,40000000,6.1,10856
Serendipity,2001,90,28000000,6.6,10795
Frailty,2001,100,11000000,7.4,10551
Not Another Teen Movie,2001,89,16000000,5.2,10295
In the Bedroom,2001,130,1700000,7.4,10177
Don't Say a Word,2001,113,50000000,6.2,10098
I Am Sam,2001,132,22000000,7.2,9945
"Pledge, The",2001,123,45000000,6.9,9852
Along Came a Spider,2001,104,28000000,6.1,9456
Ali,2001,165,107000000,6.4,9294
Freddy Got Fingered,2001,87,15000000,3.5,9115
"Majestic, The",2001,156,72000000,6.7,8649
"Lord of the Rings: The Two Towers, The",2002,223,94000000,8.8,114797
Star Wars: Episode II - Attack of the Clones,2002,120,120000000,7,63889
Spider-Man,2002,121,139000000,7.4,63228
Minority Report,2002,145,102000000,7.8,51199
Signs,2002,108,72000000,7.1,40285
Catch Me If You Can,2002,141,52000000,7.6,39915
Harry Potter and the Chamber of Secrets,2002,152,100000000,7.3,38394
Bowling for Columbine,2002,120,4000000,8.5,36747
Chicago,2002,113,45000000,7.5,34933
Gangs of New York,2002,166,97000000,7.3,34808
"Ring, The",2002,115,45000000,7.4,30687
Road to Perdition,2002,117,80000000,7.7,30526
"Pianist, The",2002,150,35000000,8.5,30467
"Bourne Identity, The",2002,119,75000000,7.3,29871
Cidade de Deus,2002,135,3300000,8.7,25964
Adaptation.,2002,114,19000000,7.9,25140
Panic Room,2002,113,48000000,7,24302
28 Days Later...,2002,113,8000000,7.3,24174
Ying xiong,2002,93,30000000,8.1,24128
About Schmidt,2002,125,30000000,7.3,23279
Austin Powers in Goldmember,2002,94,63000000,6.2,22870
Ice Age,2002,81,60000000,7.3,22302
Insomnia,2002,118,46000000,7.3,22235
Die Another Day,2002,133,142000000,6.4,22136
My Big Fat Greek Wedding,2002,95,5000000,6.9,21675
Men in Black II,2002,88,140000000,5.6,21580
Red Dragon,2002,124,90000000,7.3,21089
Phone Booth,2002,81,10000000,7.3,21075
Resident Evil,2002,100,35000000,6.2,18978
xXx,2002,132,85000000,5.5,18514
About a Boy,2002,101,27000000,7.5,18318
Punch-Drunk Love,2002,95,25000000,7.5,18169
8 Mile,2002,110,41000000,6.8,17900
Equilibrium,2002,107,20000000,7.6,17579
Blade II,2002,108,55000000,6.6,17139
One Hour Photo,2002,96,12000000,7.1,17130
"Hours, The",2002,114,25000000,7.6,16692
"Sum of All Fears, The",2002,123,68000000,6.6,15835
25th Hour,2002,135,15000000,7.8,15788
Two Weeks Notice,2002,101,60000000,5.8,15010
We Were Soldiers,2002,143,75000000,7.1,14939
Bend It Like Beckham,2002,115,NA,7.3,14437
"Count of Monte Cristo, The",2002,134,35000000,7.4,13907
Changing Lanes,2002,99,45000000,6.6,12779
Hable con ella,2002,112,NA,8.1,12609
"Time Machine, The",2002,96,80000000,5.5,12424
Maid in Manhattan,2002,105,55000000,4.6,12237
Solaris,2002,99,47000000,6.3,11808
Star Trek: Nemesis,2002,116,70000000,6.5,11785
Mr. Deeds,2002,96,50000000,5.5,11729
Confessions of a Dangerous Mind,2002,113,29000000,7.1,11487
Reign of Fire,2002,101,95000000,5.8,11452
"Mothman Prophecies, The",2002,119,42000000,6.5,11073
Lilo & Stitch,2002,86,80000000,7.3,10944
Whale Rider,2002,101,NA,8,10252
"Scorpion King, The",2002,92,60000000,5.3,10111
Sweet Home Alabama,2002,108,38000000,5.8,9943
Scooby-Doo,2002,86,84000000,4.8,9618
Secretary,2002,104,NA,7.2,9481
Far from Heaven,2002,107,13500000,7.7,9167
"Transporter, The",2002,92,NA,6,9150
Windtalkers,2002,153,115000000,5.9,9081
John Q,2002,116,36000000,6.4,8952
Jackass: The Movie,2002,87,5000000,6.1,8893
Unfaithful,2002,125,50000000,6.6,8713
Frida,2002,123,12000000,7.5,8614
40 Days and 40 Nights,2002,96,17000000,5.4,8609
Collateral Damage,2002,108,85000000,5.2,8590
"Rules of Attraction, The",2002,110,4000000,6.7,8552
Crossroads,2002,93,12000000,3.1,8546
"Lord of the Rings: The Return of the King, The",2003,251,94000000,9,103631
Kill Bill: Vol. 1,2003,111,55000000,8.3,65026
Pirates of the Caribbean: The Curse of the Black Pearl,2003,143,125000000,8,60812
"Matrix Reloaded, The",2003,138,127000000,7.1,57225
Lost in Translation,2003,102,4000000,8,42450
Finding Nemo,2003,100,94000000,8.3,41846
"Matrix Revolutions, The",2003,125,110000000,6.3,40058
X2,2003,133,110000000,7.9,38191
Terminator 3: Rise of the Machines,2003,109,175000000,6.9,32111
"Last Samurai, The",2003,154,100000000,7.9,31668
Big Fish,2003,125,70000000,8.1,31525
Mystic River,2003,137,30000000,8,28969
Bruce Almighty,2003,101,81000000,6.4,23905
Love Actually,2003,129,NA,7.7,21918
21 Grams,2003,124,20000000,8,21857
Master and Commander: The Far Side of the World,2003,138,150000000,7.5,21328
Hulk,2003,138,120000000,6.1,20710
Daredevil,2003,133,75000000,5.7,20642
Identity,2003,90,30000000,7.3,18747
"Italian Job, The",2003,111,60000000,6.9,18496
"School of Rock, The",2003,108,20000000,7.4,16452
Cold Mountain,2003,152,83000000,7.4,15712
"League of Extraordinary Gentlemen, The",2003,110,78000000,5.4,15647
Once Upon a Time in Mexico,2003,102,29000000,6,14732
Dogville,2003,135,NA,8,14307
Old School,2003,92,24000000,6.7,14283
Anger Management,2003,106,75000000,6,14280
Charlie's Angels: Full Throttle,2003,107,120000000,5,13990
Matchstick Men,2003,120,NA,7.4,13684
American Wedding,2003,103,55000000,6.3,13590
Bad Boys II,2003,145,130000000,6.1,13087
"Recruit, The",2003,115,NA,6.6,13054
S.W.A.T.,2003,117,80000000,5.9,12732
Monster,2003,109,8000000,7.4,12306
Intolerable Cruelty,2003,100,60000000,6.6,11967
Seabiscuit,2003,141,86000000,7.5,11552
Gigli,2003,121,54000000,2.3,11285
Something's Gotta Give,2003,128,NA,6.8,11275
Bad Santa,2003,98,18000000,7.2,11189
Freddy Vs. Jason,2003,97,25000000,6.1,11109
Runaway Jury,2003,127,60000000,7.1,10761
"Life of David Gale, The",2003,130,50000000,7.1,10580
Gothika,2003,98,40000000,5.8,10524
Dreamcatcher,2003,134,68000000,5.2,10403
Paycheck,2003,119,60000000,6.1,10383
Elf,2003,95,33000000,7,10165
"Texas Chainsaw Massacre, The",2003,98,9200000,5.9,9587
2 Fast 2 Furious,2003,107,76000000,5.1,9556
Good Bye Lenin!,2003,121,NA,7.8,9334
How to Lose a Guy in 10 Days,2003,116,50000000,6.1,9257
Scary Movie 3,2003,84,45000000,5.3,9225
Elephant,2003,81,3000000,7.3,9203
Lara Croft Tomb Raider: The Cradle of Life,2003,117,90000000,5.2,9103
Oldboy,2003,120,NA,8.4,8983
Open Range,2003,139,26000000,7.5,8799
Tears of the Sun,2003,121,70000000,6.2,8690
Thirteen,2003,100,1500000,7.1,8652
Eternal Sunshine of the Spotless Mind,2004,108,20000000,8.6,46240
Kill Bill: Vol. 2,2004,136,30000000,8.3,44189
Spider-Man 2,2004,127,200000000,7.9,40256
Fahrenheit 9/11,2004,122,6000000,7.9,34666
"Passion of the Christ, The",2004,127,30000000,7.4,34046
Troy,2004,162,185000000,7.1,33979
"Incredibles, The",2004,121,92000000,8.3,30749
Shrek 2,2004,92,75000000,7.8,27236
"Village, The",2004,108,60000000,6.6,25729
Harry Potter and the Prisoner of Azkaban,2004,141,130000000,7.8,24973
Collateral,2004,120,65000000,7.7,24499
Garden State,2004,109,2500000,8.1,23814
"Day After Tomorrow, The",2004,124,125000000,6.3,23749
"Butterfly Effect, The",2004,120,13000000,7.6,22975
"I, Robot",2004,115,105000000,7,22330
Million Dollar Baby,2004,132,30000000,8.3,20195
"Bourne Supremacy, The",2004,108,75000000,7.3,19878
Van Helsing,2004,132,160000000,5.4,19787
Shaun of the Dead,2004,99,4000000,7.9,18685
Finding Neverland,2004,106,NA,8.1,17715
Napoleon Dynamite,2004,86,400000,7.2,17524
Saw,2004,100,1200000,7.5,17191
Sideways,2004,123,16000000,8,17051
Dawn of the Dead,2004,109,28000000,7.4,16283
"Aviator, The",2004,170,116000000,7.5,16217
"Terminal, The",2004,128,60000000,7.1,15809
Hellboy,2004,132,66000000,6.7,15565
Ocean's Twelve,2004,125,110000000,6,14797
AVP: Alien Vs. Predator,2004,102,45000000,5.4,14651
Dodgeball: A True Underdog Story,2004,92,20000000,6.6,14584
Man on Fire,2004,146,70000000,7.4,14358
King Arthur,2004,140,90000000,6,14272
Starsky & Hutch,2004,101,60000000,6.3,13529
50 First Dates,2004,99,75000000,6.8,13497
Secret Window,2004,96,40000000,6.3,13260
Team America: World Police,2004,98,30000000,7.3,13104
Sky Captain and the World of Tomorrow,2004,106,40000000,6.5,12579
National Treasure,2004,131,100000000,6.6,12361
Meet the Fockers,2004,115,80000000,6.5,11950
Mean Girls,2004,97,17000000,7,11591
Anchorman: The Legend of Ron Burgundy,2004,104,26000000,6.5,11553
"Grudge, The",2004,92,10000000,5.9,11441
"Chronicles of Riddick, The",2004,135,110000000,6.2,11438
"Phantom of the Opera, The",2004,143,60000000,7.2,11283
Alexander,2004,175,150000000,5.5,11254
"Ladykillers, The",2004,104,35000000,6.4,10580
Resident Evil: Apocalypse,2004,94,50000000,5.6,10486
"Girl Next Door, The",2004,110,NA,6.8,10452
"Punisher, The",2004,124,33000000,6.2,9989
"Manchurian Candidate, The",2004,129,NA,6.7,9896
Along Came Polly,2004,90,42000000,5.8,9785
Super Size Me,2004,100,300000,7.7,9487
"Life Aquatic with Steve Zissou, The",2004,118,25000000,7.3,9170
"Notebook, The",2004,123,30000000,7.8,8830
Catwoman,2004,104,85000000,3.4,8815
Before Sunset,2004,80,10000000,8.3,8789
Shi mian mai fu,2004,118,NA,7.6,8700
Sin City,2005,124,45500000,8.3,23473
Constantine,2005,121,100000000,6.4,11633
